filename,disease,severity
0f065614-a53a-4c83-9d29-5d3e4ab5b41d___RS_Erly.B 7676.JPG,Tomato_Early_blight,35.5
1bff3ab2-9e99-4d4b-ad0e-acd943324050___RS_Erly.B 6460.JPG,Tomato_Early_blight,3.2
0f03a09c-aa48-4d51-95e1-752c466c3742___RS_Erly.B 6413.JPG,Tomato_Early_blight,20.4
0d98a9eb-18e7-47e7-9010-196189bae113___RS_Late.B 5047.JPG,Tomato_Late_blight,71.3
0da53824-7b3b-43a9-9b34-146a7f71ef7e___RS_Late.B 6958.JPG,Tomato_Late_blight,35.0
0c47de5b-adbe-479f-8ccf-5b8c530c32f8___RS_Late.B 6312.JPG,Tomato_Late_blight,89.6
0d70d565-520e-474c-85c1-ab478c9f1d4b___GH_HL Leaf 203.1.JPG,Tomato_healthy,0.0
0cb10f98-491d-4e1f-b8ea-4fb0f1b3675f___GH_HL Leaf 333.JPG,Tomato_healthy,0.0
0cfee8b1-5de4-4118-9e25-f9c37bb6f17e___GH_HL Leaf 252.JPG,Tomato_healthy,0.0
